NOC,country,code_3
AFG,Afghanistan,AFG
AHO,Curacao,CRI
ALB,Albania,ALB
ALG,Algeria,DZA
AND,Andorra,AND
ANG,Angola,AGO
ANT,Antigua,ATA
ANZ,Australia,AUS
ARG,Argentina,ARG
ARM,Armenia,ARM
ARU,Aruba,ABW
ASA,American Samoa,ASM
AUS,Australia,AUS
AUT,Austria,AUT
AZE,Azerbaijan,AZE
BAH,Bahamas,BHS
BAN,Bangladesh,BGD
BAR,Barbados,BRB
BDI,Burundi,BDI
BEL,Belgium,BEL
BEN,Benin,BEN
BER,Bermuda,BMU
BHU,Bhutan,BTN
BIH,Bosnia and Herzegovina,BIH
BIZ,Belize,BLZ
BLR,Belarus,BLR
BOH,Czech Republic,CZE
BOL,Boliva,BTN
BOT,Botswana,BWA
BRA,Brazil,BRA
BRN,Bahrain,BHR
BRU,Brunei,IOT
BUL,Bulgaria,BGR
BUR,Burkina Faso,BFA
CAF,Central African Republic,CAF
CAM,Cambodia,KHM
CAN,Canada,CPV
CAY,Cayman Islands,CYM
CGO,Republic of Congo,QAT
CHA,Chad,TCD
CHI,Chile,CHL
CHN,China,CHN
CIV,Ivory Coast,ITA
CMR,Cameroon,CMR
COD,Democratic Republic of the Congo,CZE
COK,Cook Islands,COK
COL,Colombia,COL
COM,Comoros,COM
CPV,Cape Verde,CPV
CRC,Costa Rica,CRI
CRO,Croatia,CRI
CRT,Greece,GRC
CUB,Cuba,CRI
CYP,Cyprus,CYP
CZE,Czech Republic,CZE
DEN,Denmark,DNK
DJI,Djibouti,DJI
DMA,Dominica,DMA
DOM,Dominican Republic,DOM
ECU,Ecuador,ECU
EGY,Egypt,EGY
ERI,Eritrea,ERI
ESA,El Salvador,SLV
ESP,Spain,ESP
EST,Estonia,EST
ETH,Ethiopia,ETH
EUN,Russia,ROU
FIJ,Fiji,FJI
FIN,Finland,FIN
FRA,France,FRA
FRG,Germany,DEU
FSM,Micronesia,MEX
GAB,Gabon,GAB
GAM,Gambia,GMB
GBR,UK,UGA
GBS,Guinea-Bissau,GNB
GDR,Germany,DEU
GEO,Georgia,GEO
GEQ,Equatorial Guinea,GNQ
GER,Germany,DEU
GHA,Ghana,GHA
GRE,Greece,GRC
GRN,Grenada,GRD
GUA,Guatemala,GTM
GUI,Guinea,GIN
GUM,Guam,GUM
GUY,Guyana,GUY
HAI,Haiti,HTI
HKG,China,CHN
HON,Honduras,HND
HUN,Hungary,HUN
INA,Indonesia,IDN
IND,India,IND
IOA,Individual Olympic Athletes,IND
IRI,Iran,IDN
IRL,Ireland,IRL
IRQ,Iraq,IRQ
ISL,Iceland,ISL
ISR,Israel,ISR
ISV,Virgin Islands, US,VIR
ITA,Italy,ITA
IVB,Virgin Islands, British,VIR
JAM,Jamaica,JAM
JOR,Jordan,JOR
JPN,Japan,JPN
KAZ,Kazakhstan,KAZ
KEN,Kenya,KEN
KGZ,Kyrgyzstan,KGZ
KIR,Kiribati,KIR
KOR,South Korea,SGS
KOS,Kosovo,KOR
KSA,Saudi Arabia,SAU
KUW,Kuwait,KWT
LAO,Laos,LAO
LAT,Latvia,LVA
LBA,Libya,LBY
LBR,Liberia,LBR
LCA,Saint Lucia,LCA
LES,Lesotho,LSO
LIB,Lebanon,LBN
LIE,Liechtenstein,LIE
LTU,Lithuania,LTU
LUX,Luxembourg,LUX
MAD,Madagascar,MDG
MAL,Malaysia,MYS
MAR,Morocco,MAR
MAS,Malaysia,MYS
MAW,Malawi,MWI
MDA,Moldova,FSM
MDV,Maldives,MDV
MEX,Mexico,MEX
MGL,Mongolia,MNG
MHL,Marshall Islands,MHL
MKD,Macedonia,MAC
MLI,Mali,MLI
MLT,Malta,MLT
MNE,Montenegro,MNE
MON,Monaco,MCO
MOZ,Mozambique,MOZ
MRI,Mauritius,MUS
MTN,Mauritania,MRT
MYA,Myanmar,MMR
NAM,Namibia,NAM
NBO,Malaysia,MYS
NCA,Nicaragua,NIC
NED,Netherlands,NLD
NEP,Nepal,NPL
NFL,Canada,CPV
NGR,Nigeria,NGA
NIG,Niger,NER
NOR,Norway,NOR
NRU,Nauru,NRU
NZL,New Zealand,NZL
OMA,Oman,OMN
PAK,Pakistan,PAK
PAN,Panama,PAN
PAR,Paraguay,PRY
PER,Peru,PER
PHI,Philippines,PHL
PLE,Palestine,PLW
PLW,Palau,PLW
PNG,Papua New Guinea,PNG
POL,Poland,POL
POR,Portugal,PRT
PRK,North Korea,NFK
PUR,Puerto Rico,PRI
QAT,Qatar,QAT
RHO,Zimbabwe,ZWE
ROT,NA,MMR
ROU,Romania,ROU
RSA,South Africa,ZAF
RUS,Russia,ROU
RWA,Rwanda,RWA
SAA,Germany,DEU
SAM,Samoa,WSM
SCG,Serbia,SRB
SEN,Senegal,SEN
SEY,Seychelles,SYC
SIN,Singapore,SGP
SKN,Saint Kitts,SHN
SLE,Sierra Leone,SLE
SLO,Slovenia,SVN
SMR,San Marino,SMR
SOL,Solomon Islands,SLB
SOM,Somalia,SOM
SRB,Serbia,SRB
SRI,Sri Lanka,LKA
SSD,South Sudan,SSD
STP,Sao Tome and Principe,STP
SUD,Sudan,SDN
SUI,Switzerland,CHE
SUR,Suriname,SUR
SVK,Slovakia,SVK
SWE,Sweden,SWE
SWZ,Swaziland,SWZ
SYR,Syria,CHE
TAN,Tanzania,TJK
TCH,Czech Republic,CZE
TGA,Tonga,TON
THA,Thailand,THA
TJK,Tajikistan,TJK
TKM,Turkmenistan,TKM
TLS,Timor-Leste,TLS
TOG,Togo,TGO
TPE,Taiwan,SYR
TTO,Trinidad,TON
TUN,Tunisia,TUN
TUR,Turkey,TUR
TUV,NA,MMR
UAE,United Arab Emirates,ARE
UAR,Syria,CHE
UGA,Uganda,UGA
UKR,Ukraine,UKR
UNK,NA,MMR
URS,Russia,ROU
URU,Uruguay,URY
USA,USA,URY
UZB,Uzbekistan,UZB
VAN,Vanuatu,VUT
VEN,Venezuela,VUT
VIE,Vietnam,VNM
VIN,Saint Vincent,SPM
VNM,Vietnam,VNM
WIF,Trinidad,TON
YAR,Yemen,YEM
YEM,Yemen,YEM
YMD,Yemen,YEM
YUG,Serbia,SRB
ZAM,Zambia,ZMB
ZIM,Zimbabwe,ZWE